Timestamp,User Count,Type,Name,Requests/s,Failures/s,50%,66%,75%,80%,90%,95%,98%,99%,99.9%,99.99%,100%,Total Request Count,Total Failure Count,Total Median Response Time,Total Average Response Time,Total Min Response Time,Total Max Response Time,Total Average Content Size
1788766267,0,,Aggregated,0.000000,0.000000,N/A,N/A,N/A,N/A,N/A,N/A,N/A,N/A,N/A,N/A,N/A,0,0,0,0.0,0,0,0
1788766268,1,GET,GET /articles (anon),0.000000,0.000000,0,0,0,0,0,0,0,0,0,0,0,1,0,5.9509000000161905,5.9509000000161905,5.9509000000161905,5.9509000000161905,26731.0
1788766268,1,,Aggregated,0.000000,0.000000,0,0,0,0,0,0,0,0,0,0,0,1,0,5.9509000000161905,5.9509000000161905,5.9509000000161905,5.9509000000161905,26731.0
1788766269,1,GET,GET /articles (anon),0.000000,0.000000,6,6,6,6,6,6,6,6,6,6,6,2,0,4.249800000025061,5.100350000020626,4.249800000025061,5.9509000000161905,26731.0
1788766269,1,,Aggregated,0.000000,0.000000,6,6,6,6,6,6,6,6,6,6,6,2,0,4.249800000025061,5.100350000020626,4.249800000025061,5.9509000000161905,26731.0
1788766270,1,GET,GET /articles (anon),0.000000,0.000000,6,6,7,7,7,7,7,7,7,7,7,3,0,6,5.750266666685396,4.249800000025061,7.050100000014936,26731.0
1788766270,1,,Aggregated,0.000000,0.000000,6,6,7,7,7,7,7,7,7,7,7,3,0,6,5.750266666685396,4.249800000025061,7.050100000014936,26731.0
1788766271,1,GET,GET /articles (anon),1.000000,0.000000,6,6,7,7,7,7,7,7,7,7,7,4,0,4.193600000007791,5.361100000015995,4.193600000007791,7.050100000014936,26731.0
1788766271,1,,Aggregated,1.000000,0.000000,6,6,7,7,7,7,7,7,7,7,7,4,0,4.193600000007791,5.361100000015995,4.193600000007791,7.050100000014936,26731.0
1788766272,1,GET,GET /articles (anon),1.000000,0.000000,5,6,6,7,7,7,7,7,7,7,7,5,0,5,5.374840000013137,4.193600000007791,7.050100000014936,26731.0
1788766272,1,,Aggregated,1.000000,0.000000,5,6,6,7,7,7,7,7,7,7,7,5,0,5,5.374840000013137,4.193600000007791,7.050100000014936,26731.0
1788766273,1,GET,GET /articles (anon),1.000000,0.000000,5,5,6,6,7,7,7,7,7,7,7,6,0,5,5.381499999998596,4.193600000007791,7.050100000014936,26731.0
1788766273,1,,Aggregated,1.000000,0.000000,5,5,6,6,7,7,7,7,7,7,7,6,0,5,5.381499999998596,4.193600000007791,7.050100000014936,26731.0
1788766274,1,GET,GET /articles (anon),0.800000,0.000000,5,5,6,6,7,7,7,7,7,7,7,7,0,5,4.992299999977539,2.657099999851198,7.050100000014936,26731.0
1788766274,1,,Aggregated,0.800000,0.000000,5,5,6,6,7,7,7,7,7,7,7,7,0,5,4.992299999977539,2.657099999851198,7.050100000014936,26731.0
1788766275,1,GET,GET /articles (anon),0.833333,0.000000,5,5,6,6,7,7,7,7,7,7,7,8,0,4,4.924649999992425,2.657099999851198,7.050100000014936,26731.0
1788766275,1,,Aggregated,0.833333,0.000000,5,5,6,6,7,7,7,7,7,7,7,8,0,4,4.924649999992425,2.657099999851198,7.050100000014936,26731.0
1788766277,1,GET,GET /articles (anon),0.857143,0.000000,5,5,5,6,7,7,7,7,7,7,7,9,0,5,4.9075999999988404,2.657099999851198,7.050100000014936,26731.0
1788766277,1,,Aggregated,0.857143,0.000000,5,5,5,6,7,7,7,7,7,7,7,9,0,5,4.9075999999988404,2.657099999851198,7.050100000014936,26731.0
1788766278,1,GET,GET /articles (anon),0.875000,0.000000,5,5,5,5,7,7,7,7,7,7,7,10,0,5,4.944339999997283,2.657099999851198,7.050100000014936,26731.0
1788766278,1,,Aggregated,0.875000,0.000000,5,5,5,5,7,7,7,7,7,7,7,10,0,5,4.944339999997283,2.657099999851198,7.050100000014936,26731.0
1788766279,1,GET,GET /articles (anon),0.888889,0.000000,5,5,5,5,5,5,5,5,5,5,5,12,0,5,4.890091666652552,2.657099999851198,7.050100000014936,26731.0
1788766279,1,,Aggregated,0.888889,0.000000,5,5,5,5,5,5,5,5,5,5,5,12,0,5,4.890091666652552,2.657099999851198,7.050100000014936,26731.0
1788766280,1,GET,GET /articles (anon),0.900000,0.000000,5,5,5,5,5,5,5,5,5,5,5,13,0,5,4.866499999987075,2.657099999851198,7.050100000014936,26731.0
1788766280,1,,Aggregated,0.900000,0.000000,5,5,5,5,5,5,5,5,5,5,5,13,0,5,4.866499999987075,2.657099999851198,7.050100000014936,26731.0
1788766281,1,GET,GET /articles (anon),0.900000,0.000000,5,5,5,5,5,6,6,6,6,6,6,15,0,5,4.930973333315099,2.657099999851198,7.050100000014936,26731.0
1788766281,1,,Aggregated,0.900000,0.000000,5,5,5,5,5,6,6,6,6,6,6,15,0,5,4.930973333315099,2.657099999851198,7.050100000014936,26731.0
1788766282,1,GET,GET /articles (anon),0.900000,0.000000,5,5,5,5,6,6,6,6,6,6,6,15,0,5,4.930973333315099,2.657099999851198,7.050100000014936,26731.0
1788766282,1,,Aggregated,0.900000,0.000000,5,5,5,5,6,6,6,6,6,6,6,15,0,5,4.930973333315099,2.657099999851198,7.050100000014936,26731.0
1788766283,1,GET,GET /articles (anon),1.000000,0.000000,5,5,6,6,7,8,8,8,8,8,8,17,0,5,5.217811764690422,2.657099999851198,8.040100000016537,26731.0
1788766283,1,,Aggregated,1.000000,0.000000,5,5,6,6,7,8,8,8,8,8,8,17,0,5,5.217811764690422,2.657099999851198,8.040100000016537,26731.0
1788766284,1,GET,GET /articles (anon),1.100000,0.000000,5,6,6,6,7,8,8,8,8,8,8,18,0,5,5.244149999978415,2.657099999851198,8.040100000016537,26731.0
1788766284,1,,Aggregated,1.100000,0.000000,5,6,6,6,7,8,8,8,8,8,8,18,0,5,5.244149999978415,2.657099999851198,8.040100000016537,26731.0
1788766285,1,GET,GET /articles (anon),1.200000,0.000000,5,6,6,6,7,8,8,8,8,8,8,19,0,5,5.2806947368193695,2.657099999851198,8.040100000016537,26731.0
1788766285,1,,Aggregated,1.200000,0.000000,5,6,6,6,7,8,8,8,8,8,8,19,0,5,5.2806947368193695,2.657099999851198,8.040100000016537,26731.0
1788766286,1,GET,GET /articles (anon),1.200000,0.000000,5,6,6,6,7,8,8,8,8,8,8,20,0,5,5.285854999976891,2.657099999851198,8.040100000016537,26731.0
1788766286,1,,Aggregated,1.200000,0.000000,5,6,6,6,7,8,8,8,8,8,8,20,0,5,5.285854999976891,2.657099999851198,8.040100000016537,26731.0
1788766287,1,GET,GET /articles (anon),1.200000,0.000000,5,6,6,6,7,8,8,8,8,8,8,21,0,5,5.238004761882361,2.657099999851198,8.040100000016537,26731.0
1788766287,1,,Aggregated,1.200000,0.000000,5,6,6,6,7,8,8,8,8,8,8,21,0,5,5.238004761882361,2.657099999851198,8.040100000016537,26731.0
1788766288,1,GET,GET /articles (anon),1.100000,0.000000,6,6,7,7,8,8,8,8,8,8,8,22,0,5,5.303768181792376,2.657099999851198,8.040100000016537,26731.0
1788766288,1,,Aggregated,1.100000,0.000000,6,6,7,7,8,8,8,8,8,8,8,22,0,5,5.303768181792376,2.657099999851198,8.040100000016537,26731.0
1788766289,1,GET,GET /articles (anon),1.200000,0.000000,6,6,7,7,8,8,8,8,8,8,8,23,0,5,5.253947826057138,2.657099999851198,8.040100000016537,26731.0
1788766289,1,,Aggregated,1.200000,0.000000,6,6,7,7,8,8,8,8,8,8,8,23,0,5,5.253947826057138,2.657099999851198,8.040100000016537,26731.0
1788766290,1,GET,GET /articles (anon),1.200000,0.000000,6,6,7,7,7,8,8,8,8,8,8,24,0,5,5.231512499970374,2.657099999851198,8.040100000016537,26731.0
1788766290,1,,Aggregated,1.200000,0.000000,6,6,7,7,7,8,8,8,8,8,8,24,0,5,5.231512499970374,2.657099999851198,8.040100000016537,26731.0
1788766291,1,GET,GET /articles (anon),1.200000,0.000000,6,6,7,7,8,8,8,8,8,8,8,25,0,5,5.220467999979519,2.657099999851198,8.040100000016537,26731.0
1788766291,1,,Aggregated,1.200000,0.000000,6,6,7,7,8,8,8,8,8,8,8,25,0,5,5.220467999979519,2.657099999851198,8.040100000016537,26731.0
1788766292,1,GET,GET /articles (anon),1.100000,0.000000,5,6,6,6,7,7,7,7,7,7,7,26,0,5,5.264165384591461,2.657099999851198,8.040100000016537,26731.0
1788766292,1,,Aggregated,1.100000,0.000000,5,6,6,6,7,7,7,7,7,7,7,26,0,5,5.264165384591461,2.657099999851198,8.040100000016537,26731.0
1788766293,1,GET,GET /articles (anon),1.100000,0.000000,5,6,6,6,7,7,7,7,7,7,7,27,0,5,5.188848148127026,2.657099999851198,8.040100000016537,26731.0
1788766293,1,,Aggregated,1.100000,0.000000,5,6,6,6,7,7,7,7,7,7,7,27,0,5,5.188848148127026,2.657099999851198,8.040100000016537,26731.0
1788766294,1,GET,GET /articles (anon),1.000000,0.000000,5,6,6,6,7,7,7,7,7,7,7,28,0,5,5.215296428543427,2.657099999851198,8.040100000016537,26731.0
1788766294,1,,Aggregated,1.000000,0.000000,5,6,6,6,7,7,7,7,7,7,7,28,0,5,5.215296428543427,2.657099999851198,8.040100000016537,26731.0
1788766295,1,GET,GET /articles (anon),1.000000,0.000000,5,5,6,6,7,7,7,7,7,7,7,29,0,5,5.1503034482470085,2.657099999851198,8.040100000016537,26731.0
1788766295,1,,Aggregated,1.000000,0.000000,5,5,6,6,7,7,7,7,7,7,7,29,0,5,5.1503034482470085,2.657099999851198,8.040100000016537,26731.0
1788766296,1,GET,GET /articles (anon),1.000000,0.000000,5,5,6,6,7,7,7,7,7,7,7,30,0,5,5.097769999967265,2.657099999851198,8.040100000016537,26731.0
1788766296,1,,Aggregated,1.000000,0.000000,5,5,6,6,7,7,7,7,7,7,7,30,0,5,5.097769999967265,2.657099999851198,8.040100000016537,26731.0
1788766297,1,GET,GET /articles (anon),1.000000,0.000000,4,5,5,6,6,6,6,6,6,6,6,31,0,5,5.049345161259842,2.657099999851198,8.040100000016537,26731.0
1788766297,1,,Aggregated,1.000000,0.000000,4,5,5,6,6,6,6,6,6,6,6,31,0,5,5.049345161259842,2.657099999851198,8.040100000016537,26731.0
1788766298,1,GET,GET /articles (anon),1.000000,0.000000,4,5,5,6,6,6,6,6,6,6,6,32,0,5,5.024196874970244,2.657099999851198,8.040100000016537,26731.0
1788766298,1,,Aggregated,1.000000,0.000000,4,5,5,6,6,6,6,6,6,6,6,32,0,5,5.024196874970244,2.657099999851198,8.040100000016537,26731.0
1788766299,1,GET,GET /articles (anon),1.000000,0.000000,4,5,6,6,7,7,7,7,7,7,7,34,0,5,5.065947058797599,2.657099999851198,8.040100000016537,26731.0
1788766299,1,,Aggregated,1.000000,0.000000,4,5,6,6,7,7,7,7,7,7,7,34,0,5,5.065947058797599,2.657099999851198,8.040100000016537,26731.0
1788766300,1,GET,GET /articles (anon),1.000000,0.000000,4,6,6,6,7,7,7,7,7,7,7,35,0,5,5.088791428547016,2.657099999851198,8.040100000016537,26731.0
1788766300,1,,Aggregated,1.000000,0.000000,4,6,6,6,7,7,7,7,7,7,7,35,0,5,5.088791428547016,2.657099999851198,8.040100000016537,26731.0
1788766301,1,GET,GET /articles (anon),1.000000,0.000000,4,4,6,6,7,7,7,7,7,7,7,35,0,5,5.088791428547016,2.657099999851198,8.040100000016537,26731.0
1788766301,1,,Aggregated,1.000000,0.000000,4,4,6,6,7,7,7,7,7,7,7,35,0,5,5.088791428547016,2.657099999851198,8.040100000016537,26731.0
1788766302,1,GET,GET /articles (anon),1.000000,0.000000,4,5,6,6,7,7,7,7,7,7,7,36,0,5,5.076494444419192,2.657099999851198,8.040100000016537,26731.0
1788766302,1,,Aggregated,1.000000,0.000000,4,5,6,6,7,7,7,7,7,7,7,36,0,5,5.076494444419192,2.657099999851198,8.040100000016537,26731.0
1788766303,1,GET,GET /articles (anon),1.000000,0.000000,4,5,6,6,7,7,7,7,7,7,7,37,0,5,5.0112783783518084,2.657099999851198,8.040100000016537,26731.0
1788766303,1,,Aggregated,1.000000,0.000000,4,5,6,6,7,7,7,7,7,7,7,37,0,5,5.0112783783518084,2.657099999851198,8.040100000016537,26731.0
1788766304,1,GET,GET /articles (anon),1.000000,0.000000,4,5,6,7,7,7,7,7,7,7,7,38,0,5,5.061786842080245,2.657099999851198,8.040100000016537,26731.0
1788766304,1,,Aggregated,1.000000,0.000000,4,5,6,7,7,7,7,7,7,7,7,38,0,5,5.061786842080245,2.657099999851198,8.040100000016537,26731.0
1788766305,1,GET,GET /articles (anon),1.000000,0.000000,4,5,6,7,7,7,7,7,7,7,7,39,0,5,5.005997435872791,2.657099999851198,8.040100000016537,26731.0
1788766305,1,,Aggregated,1.000000,0.000000,4,5,6,7,7,7,7,7,7,7,7,39,0,5,5.005997435872791,2.657099999851198,8.040100000016537,26731.0
1788766306,1,GET,GET /articles (anon),0.900000,0.000000,5,6,6,7,7,7,7,7,7,7,7,41,0,5,5.028378048758364,2.657099999851198,8.040100000016537,26731.0
1788766306,1,,Aggregated,0.900000,0.000000,5,6,6,7,7,7,7,7,7,7,7,41,0,5,5.028378048758364,2.657099999851198,8.040100000016537,26731.0
1788766307,1,GET,GET /articles (anon),1.100000,0.000000,5,6,6,7,7,7,7,7,7,7,7,42,0,5,5.030480952362788,2.657099999851198,8.040100000016537,26731.0
1788766307,1,,Aggregated,1.100000,0.000000,5,6,6,7,7,7,7,7,7,7,7,42,0,5,5.030480952362788,2.657099999851198,8.040100000016537,26731.0
1788766308,1,GET,GET /articles (anon),1.100000,0.000000,5,6,6,7,7,7,7,7,7,7,7,42,0,5,5.030480952362788,2.657099999851198,8.040100000016537,26731.0
1788766308,1,,Aggregated,1.100000,0.000000,5,6,6,7,7,7,7,7,7,7,7,42,0,5,5.030480952362788,2.657099999851198,8.040100000016537,26731.0
1788766309,1,GET,GET /articles (anon),1.100000,0.000000,5,5,6,6,7,7,7,7,7,7,7,43,0,5,5.006476744166469,2.657099999851198,8.040100000016537,26731.0
1788766309,1,,Aggregated,1.100000,0.000000,5,5,6,6,7,7,7,7,7,7,7,43,0,5,5.006476744166469,2.657099999851198,8.040100000016537,26731.0
1788766310,1,GET,GET /articles (anon),1.000000,0.000000,5,5,5,6,7,7,7,7,7,7,7,44,0,5,4.970440909072625,2.657099999851198,8.040100000016537,26731.0
1788766310,1,,Aggregated,1.000000,0.000000,5,5,5,6,7,7,7,7,7,7,7,44,0,5,4.970440909072625,2.657099999851198,8.040100000016537,26731.0
1788766311,1,GET,GET /articles (anon),1.000000,0.000000,5,5,6,6,7,7,7,7,7,7,7,46,0,5,4.984895652154117,2.657099999851198,8.040100000016537,26731.0
1788766311,1,,Aggregated,1.000000,0.000000,5,5,6,6,7,7,7,7,7,7,7,46,0,5,4.984895652154117,2.657099999851198,8.040100000016537,26731.0
1788766312,1,GET,GET /articles (anon),1.000000,0.000000,5,5,6,6,7,7,7,7,7,7,7,46,0,5,4.984895652154117,2.657099999851198,8.040100000016537,26731.0
1788766312,1,,Aggregated,1.000000,0.000000,5,5,6,6,7,7,7,7,7,7,7,46,0,5,4.984895652154117,2.657099999851198,8.040100000016537,26731.0
1788766313,1,GET,GET /articles (anon),1.000000,0.000000,5,6,7,7,7,7,7,7,7,7,7,48,0,5,5.06733749998034,2.657099999851198,8.040100000016537,26731.0
1788766313,1,,Aggregated,1.000000,0.000000,5,6,7,7,7,7,7,7,7,7,7,48,0,5,5.06733749998034,2.657099999851198,8.040100000016537,26731.0
1788766314,1,GET,GET /articles (anon),1.000000,0.000000,5,6,6,7,7,7,7,7,7,7,7,48,0,5,5.06733749998034,2.657099999851198,8.040100000016537,26731.0
1788766314,1,,Aggregated,1.000000,0.000000,5,6,6,7,7,7,7,7,7,7,7,48,0,5,5.06733749998034,2.657099999851198,8.040100000016537,26731.0
1788766315,1,GET,GET /articles (anon),1.000000,0.000000,5,6,6,7,7,7,7,7,7,7,7,49,0,5,5.0518795918165145,2.657099999851198,8.040100000016537,26731.0
1788766315,1,,Aggregated,1.000000,0.000000,5,6,6,7,7,7,7,7,7,7,7,49,0,5,5.0518795918165145,2.657099999851198,8.040100000016537,26731.0
1788766316,1,GET,GET /articles (anon),1.100000,0.000000,5,5,6,7,7,7,7,7,7,7,7,51,0,5,5.033564705863504,2.657099999851198,8.040100000016537,26731.0
1788766316,1,,Aggregated,1.100000,0.000000,5,5,6,7,7,7,7,7,7,7,7,51,0,5,5.033564705863504,2.657099999851198,8.040100000016537,26731.0
1788766317,1,GET,GET /articles (anon),1.000000,0.000000,5,5,6,7,7,7,7,7,7,7,7,52,0,5,5.039078846135244,2.657099999851198,8.040100000016537,26731.0
1788766317,1,,Aggregated,1.000000,0.000000,5,5,6,7,7,7,7,7,7,7,7,52,0,5,5.039078846135244,2.657099999851198,8.040100000016537,26731.0
1788766318,1,GET,GET /articles (anon),1.000000,0.000000,5,5,6,7,7,7,7,7,7,7,7,53,0,5,5.0122150943188215,2.657099999851198,8.040100000016537,26731.0
1788766318,1,,Aggregated,1.000000,0.000000,5,5,6,7,7,7,7,7,7,7,7,53,0,5,5.0122150943188215,2.657099999851198,8.040100000016537,26731.0
1788766319,1,GET,GET /articles (anon),1.000000,0.000000,5,5,6,7,7,7,7,7,7,7,7,53,0,5,5.0122150943188215,2.657099999851198,8.040100000016537,26731.0
1788766319,1,,Aggregated,1.000000,0.000000,5,5,6,7,7,7,7,7,7,7,7,53,0,5,5.0122150943188215,2.657099999851198,8.040100000016537,26731.0
1788766320,1,GET,GET /articles (anon),1.000000,0.000000,5,5,7,7,7,7,7,7,7,7,7,54,0,5,5.0518925925736635,2.657099999851198,8.040100000016537,26731.0
1788766320,1,,Aggregated,1.000000,0.000000,5,5,7,7,7,7,7,7,7,7,7,54,0,5,5.0518925925736635,2.657099999851198,8.040100000016537,26731.0
1788766321,1,GET,GET /articles (anon),1.000000,0.000000,5,5,7,7,7,7,7,7,7,7,7,55,0,5,5.00758545452465,2.6149999998779094,8.040100000016537,26731.0
1788766321,1,,Aggregated,1.000000,0.000000,5,5,7,7,7,7,7,7,7,7,7,55,0,5,5.00758545452465,2.6149999998779094,8.040100000016537,26731.0
1788766322,1,GET,GET /articles (anon),1.000000,0.000000,4,5,5,7,7,7,7,7,7,7,7,56,0,5,4.967501785695764,2.6149999998779094,8.040100000016537,26731.0
1788766322,1,,Aggregated,1.000000,0.000000,4,5,5,7,7,7,7,7,7,7,7,56,0,5,4.967501785695764,2.6149999998779094,8.040100000016537,26731.0
1788766323,1,GET,GET /articles (anon),1.000000,0.000000,4,4,5,5,7,7,7,7,7,7,7,57,0,5,4.9571122806834245,2.6149999998779094,8.040100000016537,26731.0
1788766323,1,,Aggregated,1.000000,0.000000,4,4,5,5,7,7,7,7,7,7,7,57,0,5,4.9571122806834245,2.6149999998779094,8.040100000016537,26731.0
1788766324,1,GET,GET /articles (anon),1.000000,0.000000,4,4,5,5,7,7,7,7,7,7,7,58,0,5,4.944501724120026,2.6149999998779094,8.040100000016537,26731.0
1788766324,1,,Aggregated,1.000000,0.000000,4,4,5,5,7,7,7,7,7,7,7,58,0,5,4.944501724120026,2.6149999998779094,8.040100000016537,26731.0
1788766325,1,GET,GET /articles (anon),1.000000,0.000000,4,4,4,5,7,7,7,7,7,7,7,60,0,5,4.92270166664639,2.6149999998779094,8.040100000016537,26731.0
1788766325,1,,Aggregated,1.000000,0.000000,4,4,4,5,7,7,7,7,7,7,7,60,0,5,4.92270166664639,2.6149999998779094,8.040100000016537,26731.0
1788766326,1,GET,GET /articles (anon),1.000000,0.000000,4,4,4,5,7,7,7,7,7,7,7,61,0,5,4.912734426211575,2.6149999998779094,8.040100000016537,26731.0
1788766326,1,,Aggregated,1.000000,0.000000,4,4,4,5,7,7,7,7,7,7,7,61,0,5,4.912734426211575,2.6149999998779094,8.040100000016537,26731.0
1788766327,1,GET,GET /articles (anon),1.000000,0.000000,4,4,4,4,5,7,7,7,7,7,7,63,0,5,4.90439523807456,2.6149999998779094,8.040100000016537,26731.0
1788766327,1,,Aggregated,1.000000,0.000000,4,4,4,4,5,7,7,7,7,7,7,63,0,5,4.90439523807456,2.6149999998779094,8.040100000016537,26731.0
1788766328,1,GET,GET /articles (anon),1.100000,0.000000,4,4,4,4,5,7,7,7,7,7,7,64,0,5,4.8672171874812875,2.5250000001051376,8.040100000016537,26731.0
1788766328,1,,Aggregated,1.100000,0.000000,4,4,4,4,5,7,7,7,7,7,7,64,0,5,4.8672171874812875,2.5250000001051376,8.040100000016537,26731.0
1788766329,1,GET,GET /articles (anon),1.100000,0.000000,4,4,4,4,5,5,5,5,5,5,5,64,0,5,4.8672171874812875,2.5250000001051376,8.040100000016537,26731.0
1788766329,1,,Aggregated,1.100000,0.000000,4,4,4,4,5,5,5,5,5,5,5,64,0,5,4.8672171874812875,2.5250000001051376,8.040100000016537,26731.0
1788766330,1,GET,GET /articles (anon),1.100000,0.000000,4,4,4,4,5,5,5,5,5,5,5,65,0,5,4.829807692287711,2.435599999898841,8.040100000016537,26731.0
1788766330,1,,Aggregated,1.100000,0.000000,4,4,4,4,5,5,5,5,5,5,5,65,0,5,4.829807692287711,2.435599999898841,8.040100000016537,26731.0
1788766331,1,GET,GET /articles (anon),1.100000,0.000000,4,4,4,5,5,5,5,5,5,5,5,66,0,5,4.8261939393762185,2.435599999898841,8.040100000016537,26731.0
1788766331,1,,Aggregated,1.100000,0.000000,4,4,4,5,5,5,5,5,5,5,5,66,0,5,4.8261939393762185,2.435599999898841,8.040100000016537,26731.0
1788766332,1,GET,GET /articles (anon),1.100000,0.000000,4,4,4,5,5,5,5,5,5,5,5,67,0,5,4.807080596998248,2.435599999898841,8.040100000016537,26731.0
1788766332,1,,Aggregated,1.100000,0.000000,4,4,4,5,5,5,5,5,5,5,5,67,0,5,4.807080596998248,2.435599999898841,8.040100000016537,26731.0
1788766333,1,GET,GET /articles (anon),1.100000,0.000000,4,4,4,5,5,5,5,5,5,5,5,67,0,5,4.807080596998248,2.435599999898841,8.040100000016537,26731.0
1788766333,1,,Aggregated,1.100000,0.000000,4,4,4,5,5,5,5,5,5,5,5,67,0,5,4.807080596998248,2.435599999898841,8.040100000016537,26731.0
1788766334,1,GET,GET /articles (anon),1.100000,0.000000,4,4,5,5,6,6,6,6,6,6,6,68,0,5,4.828797058808853,2.435599999898841,8.040100000016537,26731.0
1788766334,1,,Aggregated,1.100000,0.000000,4,4,5,5,6,6,6,6,6,6,6,68,0,5,4.828797058808853,2.435599999898841,8.040100000016537,26731.0
1788766335,1,GET,GET /articles (anon),1.000000,0.000000,5,5,5,5,6,6,6,6,6,6,6,69,0,5,4.8301231883927,2.435599999898841,8.040100000016537,26731.0
1788766335,1,,Aggregated,1.000000,0.000000,5,5,5,5,6,6,6,6,6,6,6,69,0,5,4.8301231883927,2.435599999898841,8.040100000016537,26731.0
1788766336,1,GET,GET /articles (anon),1.000000,0.000000,5,5,6,6,7,7,7,7,7,7,7,70,0,5,4.859957142843996,2.435599999898841,8.040100000016537,26731.0
1788766336,1,,Aggregated,1.000000,0.000000,5,5,6,6,7,7,7,7,7,7,7,70,0,5,4.859957142843996,2.435599999898841,8.040100000016537,26731.0
1788766337,1,GET,GET /articles (anon),0.900000,0.000000,5,5,6,6,7,7,7,7,7,7,7,71,0,5,4.859060563366653,2.435599999898841,8.040100000016537,26731.0
1788766337,1,,Aggregated,0.900000,0.000000,5,5,6,6,7,7,7,7,7,7,7,71,0,5,4.859060563366653,2.435599999898841,8.040100000016537,26731.0
1788766338,1,GET,GET /articles (anon),0.900000,0.000000,5,5,6,6,7,7,7,7,7,7,7,71,0,5,4.859060563366653,2.435599999898841,8.040100000016537,26731.0
1788766338,1,,Aggregated,0.900000,0.000000,5,5,6,6,7,7,7,7,7,7,7,71,0,5,4.859060563366653,2.435599999898841,8.040100000016537,26731.0
1788766339,1,GET,GET /articles (anon),0.800000,0.000000,5,5,6,6,7,7,7,7,7,7,7,72,0,5,4.846509722208718,2.435599999898841,8.040100000016537,26731.0
1788766339,1,,Aggregated,0.800000,0.000000,5,5,6,6,7,7,7,7,7,7,7,72,0,5,4.846509722208718,2.435599999898841,8.040100000016537,26731.0
1788766340,1,GET,GET /articles (anon),0.800000,0.000000,5,5,6,6,7,7,7,7,7,7,7,73,0,5,4.816163013685258,2.435599999898841,8.040100000016537,26731.0
1788766340,1,,Aggregated,0.800000,0.000000,5,5,6,6,7,7,7,7,7,7,7,73,0,5,4.816163013685258,2.435599999898841,8.040100000016537,26731.0
1788766341,1,GET,GET /articles (anon),0.800000,0.000000,5,6,7,7,8,8,8,8,8,8,8,74,0,5,4.858632432418548,2.435599999898841,8.040100000016537,26731.0
1788766341,1,,Aggregated,0.800000,0.000000,5,6,7,7,8,8,8,8,8,8,8,74,0,5,4.858632432418548,2.435599999898841,8.040100000016537,26731.0
1788766342,1,GET,GET /articles (anon),0.800000,0.000000,5,6,7,7,8,8,8,8,8,8,8,75,0,5,4.866198666653266,2.435599999898841,8.040100000016537,26731.0
1788766342,1,,Aggregated,0.800000,0.000000,5,6,7,7,8,8,8,8,8,8,8,75,0,5,4.866198666653266,2.435599999898841,8.040100000016537,26731.0
1788766343,1,GET,GET /articles (anon),0.800000,0.000000,5,6,6,7,8,8,8,8,8,8,8,76,0,5,4.882714473670771,2.435599999898841,8.040100000016537,26731.0
1788766343,1,,Aggregated,0.800000,0.000000,5,6,6,7,8,8,8,8,8,8,8,76,0,5,4.882714473670771,2.435599999898841,8.040100000016537,26731.0
1788766344,1,GET,GET /articles (anon),0.800000,0.000000,5,6,6,7,8,8,8,8,8,8,8,77,0,5,4.899859740247281,2.435599999898841,8.040100000016537,26731.0
1788766344,1,,Aggregated,0.800000,0.000000,5,6,6,7,8,8,8,8,8,8,8,77,0,5,4.899859740247281,2.435599999898841,8.040100000016537,26731.0
1788766345,1,GET,GET /articles (anon),0.800000,0.000000,6,6,7,7,8,8,8,8,8,8,8,78,0,5,4.9232961538336895,2.435599999898841,8.040100000016537,26731.0
1788766345,1,,Aggregated,0.800000,0.000000,6,6,7,7,8,8,8,8,8,8,8,78,0,5,4.9232961538336895,2.435599999898841,8.040100000016537,26731.0
1788766346,1,GET,GET /articles (anon),0.800000,0.000000,6,6,7,7,8,8,8,8,8,8,8,79,0,5,4.946408860747926,2.435599999898841,8.040100000016537,26731.0
1788766346,1,,Aggregated,0.800000,0.000000,6,6,7,7,8,8,8,8,8,8,8,79,0,5,4.946408860747926,2.435599999898841,8.040100000016537,26731.0
1788766347,1,GET,GET /articles (anon),0.900000,0.000000,6,7,7,8,8,8,8,8,8,8,8,80,0,5,4.990606249990037,2.435599999898841,8.48220000011679,26731.0
1788766347,1,,Aggregated,0.900000,0.000000,6,7,7,8,8,8,8,8,8,8,8,80,0,5,4.990606249990037,2.435599999898841,8.48220000011679,26731.0
1788766348,1,GET,GET /articles (anon),0.900000,0.000000,7,7,8,8,8,8,8,8,8,8,8,80,0,5,4.990606249990037,2.435599999898841,8.48220000011679,26731.0
1788766348,1,,Aggregated,0.900000,0.000000,7,7,8,8,8,8,8,8,8,8,8,80,0,5,4.990606249990037,2.435599999898841,8.48220000011679,26731.0
1788766349,1,GET,GET /articles (anon),0.900000,0.000000,6,7,7,8,8,8,8,8,8,8,8,82,0,5,4.980017073160902,2.435599999898841,8.48220000011679,26731.0
1788766349,1,,Aggregated,0.900000,0.000000,6,7,7,8,8,8,8,8,8,8,8,82,0,5,4.980017073160902,2.435599999898841,8.48220000011679,26731.0
1788766350,1,GET,GET /articles (anon),0.900000,0.000000,6,7,7,8,8,8,8,8,8,8,8,82,0,5,4.980017073160902,2.435599999898841,8.48220000011679,26731.0
1788766350,1,,Aggregated,0.900000,0.000000,6,7,7,8,8,8,8,8,8,8,8,82,0,5,4.980017073160902,2.435599999898841,8.48220000011679,26731.0
1788766351,1,GET,GET /articles (anon),0.900000,0.000000,6,7,7,7,8,8,8,8,8,8,8,83,0,5,5.00417590360375,2.435599999898841,8.48220000011679,26731.0
1788766351,1,,Aggregated,0.900000,0.000000,6,7,7,7,8,8,8,8,8,8,8,83,0,5,5.00417590360375,2.435599999898841,8.48220000011679,26731.0
1788766352,1,GET,GET /articles (anon),0.900000,0.000000,7,7,7,7,8,8,8,8,8,8,8,84,0,5,5.023797619038478,2.435599999898841,8.48220000011679,26731.0
1788766352,1,,Aggregated,0.900000,0.000000,7,7,7,7,8,8,8,8,8,8,8,84,0,5,5.023797619038478,2.435599999898841,8.48220000011679,26731.0
1788766353,1,GET,GET /articles (anon),0.900000,0.000000,7,7,7,8,8,8,8,8,8,8,8,85,0,5,5.055491764695783,2.435599999898841,8.48220000011679,26731.0
1788766353,1,,Aggregated,0.900000,0.000000,7,7,7,8,8,8,8,8,8,8,8,85,0,5,5.055491764695783,2.435599999898841,8.48220000011679,26731.0
1788766354,1,GET,GET /articles (anon),0.900000,0.000000,7,7,7,8,8,8,8,8,8,8,8,86,0,5,5.063859302314868,2.435599999898841,8.48220000011679,26731.0
1788766354,1,,Aggregated,0.900000,0.000000,7,7,7,8,8,8,8,8,8,8,8,86,0,5,5.063859302314868,2.435599999898841,8.48220000011679,26731.0
1788766355,1,GET,GET /articles (anon),0.900000,0.000000,7,7,8,8,8,8,8,8,8,8,8,87,0,5,5.092777011483101,2.435599999898841,8.48220000011679,26731.0
1788766355,1,,Aggregated,0.900000,0.000000,7,7,8,8,8,8,8,8,8,8,8,87,0,5,5.092777011483101,2.435599999898841,8.48220000011679,26731.0
1788766356,1,GET,GET /articles (anon),0.900000,0.000000,7,7,8,8,8,8,8,8,8,8,8,88,0,5,5.1165374999894455,2.435599999898841,8.48220000011679,26731.0
1788766356,1,,Aggregated,0.900000,0.000000,7,7,8,8,8,8,8,8,8,8,8,88,0,5,5.1165374999894455,2.435599999898841,8.48220000011679,26731.0
1788766357,1,GET,GET /articles (anon),0.900000,0.000000,7,7,7,8,8,8,8,8,8,8,8,89,0,5,5.09336853931498,2.435599999898841,8.48220000011679,26731.0
1788766357,1,,Aggregated,0.900000,0.000000,7,7,7,8,8,8,8,8,8,8,8,89,0,5,5.09336853931498,2.435599999898841,8.48220000011679,26731.0
1788766358,1,GET,GET /articles (anon),0.900000,0.000000,7,7,8,8,10,10,10,10,10,10,10,90,0,5,5.143749999986842,2.435599999898841,9.627699999782635,26731.0
1788766358,1,,Aggregated,0.900000,0.000000,7,7,8,8,10,10,10,10,10,10,10,90,0,5,5.143749999986842,2.435599999898841,9.627699999782635,26731.0
1788766359,1,GET,GET /articles (anon),0.900000,0.000000,7,7,8,8,10,10,10,10,10,10,10,91,0,5,5.162036263722517,2.435599999898841,9.627699999782635,26731.0
1788766359,1,,Aggregated,0.900000,0.000000,7,7,8,8,10,10,10,10,10,10,10,91,0,5,5.162036263722517,2.435599999898841,9.627699999782635,26731.0
1788766360,1,GET,GET /articles (anon),1.000000,0.000000,7,7,8,8,10,10,10,10,10,10,10,92,0,5,5.172538043466276,2.435599999898841,9.627699999782635,26731.0
1788766360,1,,Aggregated,1.000000,0.000000,7,7,8,8,10,10,10,10,10,10,10,92,0,5,5.172538043466276,2.435599999898841,9.627699999782635,26731.0
1788766361,1,GET,GET /articles (anon),0.900000,0.000000,7,7,8,8,10,10,10,10,10,10,10,93,0,5,5.160641935470912,2.435599999898841,9.627699999782635,26731.0
1788766361,1,,Aggregated,0.900000,0.000000,7,7,8,8,10,10,10,10,10,10,10,93,0,5,5.160641935470912,2.435599999898841,9.627699999782635,26731.0
1788766362,1,GET,GET /articles (anon),0.900000,0.000000,7,7,8,8,8,10,10,10,10,10,10,95,0,5,5.159835789462656,2.435599999898841,9.627699999782635,26731.0
1788766362,1,,Aggregated,0.900000,0.000000,7,7,8,8,8,10,10,10,10,10,10,95,0,5,5.159835789462656,2.435599999898841,9.627699999782635,26731.0
1788766363,1,GET,GET /articles (anon),0.900000,0.000000,6,7,7,7,8,10,10,10,10,10,10,96,0,5,5.166877083321235,2.435599999898841,9.627699999782635,26731.0
1788766363,1,,Aggregated,0.900000,0.000000,6,7,7,7,8,10,10,10,10,10,10,96,0,5,5.166877083321235,2.435599999898841,9.627699999782635,26731.0
1788766364,1,GET,GET /articles (anon),0.900000,0.000000,7,7,7,8,10,10,10,10,10,10,10,96,0,5,5.166877083321235,2.435599999898841,9.627699999782635,26731.0
1788766364,1,,Aggregated,0.900000,0.000000,7,7,7,8,10,10,10,10,10,10,10,96,0,5,5.166877083321235,2.435599999898841,9.627699999782635,26731.0
1788766365,1,GET,GET /articles (anon),1.100000,0.000000,6,7,7,7,10,10,10,10,10,10,10,97,0,5,5.153191752565972,2.435599999898841,9.627699999782635,26731.0
1788766365,1,,Aggregated,1.100000,0.000000,6,7,7,7,10,10,10,10,10,10,10,97,0,5,5.153191752565972,2.435599999898841,9.627699999782635,26731.0
1788766366,1,GET,GET /articles (anon),1.100000,0.000000,6,6,7,7,10,10,10,10,10,10,10,98,0,5,5.166423469376594,2.435599999898841,9.627699999782635,26731.0
1788766366,1,,Aggregated,1.100000,0.000000,6,6,7,7,10,10,10,10,10,10,10,98,0,5,5.166423469376594,2.435599999898841,9.627699999782635,26731.0
1788766367,1,GET,GET /articles (anon),1.000000,0.000000,6,6,7,7,7,10,10,10,10,10,10,99,0,5,5.160105050495673,2.435599999898841,9.627699999782635,26731.0
1788766367,1,,Aggregated,1.000000,0.000000,6,6,7,7,7,10,10,10,10,10,10,99,0,5,5.160105050495673,2.435599999898841,9.627699999782635,26731.0
1788766368,1,GET,GET /articles (anon),1.000000,0.000000,6,6,6,7,7,7,7,7,7,7,7,100,0,5,5.161486999988938,2.435599999898841,9.627699999782635,26731.0
1788766368,1,,Aggregated,1.000000,0.000000,6,6,6,7,7,7,7,7,7,7,7,100,0,5,5.161486999988938,2.435599999898841,9.627699999782635,26731.0
1788766369,1,GET,GET /articles (anon),1.000000,0.000000,5,6,6,6,7,7,7,7,7,7,7,101,0,5,5.134010891077934,2.3863999999775842,9.627699999782635,26731.0
1788766369,1,,Aggregated,1.000000,0.000000,5,6,6,6,7,7,7,7,7,7,7,101,0,5,5.134010891077934,2.3863999999775842,9.627699999782635,26731.0
1788766370,1,GET,GET /articles (anon),0.900000,0.000000,5,5,6,6,7,7,7,7,7,7,7,102,0,5,5.107988235281749,2.3863999999775842,9.627699999782635,26731.0
1788766370,1,,Aggregated,0.900000,0.000000,5,5,6,6,7,7,7,7,7,7,7,102,0,5,5.107988235281749,2.3863999999775842,9.627699999782635,26731.0
1788766371,1,GET,GET /articles (anon),1.000000,0.000000,4,5,5,6,6,6,6,6,6,6,6,104,0,5,5.084781730757343,2.3863999999775842,9.627699999782635,26731.0
1788766371,1,,Aggregated,1.000000,0.000000,4,5,5,6,6,6,6,6,6,6,6,104,0,5,5.084781730757343,2.3863999999775842,9.627699999782635,26731.0
1788766372,1,GET,GET /articles (anon),1.000000,0.000000,5,5,6,6,7,7,7,7,7,7,7,105,0,5,5.098292380942093,2.3863999999775842,9.627699999782635,26731.0
1788766372,1,,Aggregated,1.000000,0.000000,5,5,6,6,7,7,7,7,7,7,7,105,0,5,5.098292380942093,2.3863999999775842,9.627699999782635,26731.0
1788766373,1,GET,GET /articles (anon),1.100000,0.000000,4,5,6,6,6,7,7,7,7,7,7,107,0,5,5.07022336447658,2.3863999999775842,9.627699999782635,26731.0
1788766373,1,,Aggregated,1.100000,0.000000,4,5,6,6,6,7,7,7,7,7,7,107,0,5,5.07022336447658,2.3863999999775842,9.627699999782635,26731.0
1788766374,1,GET,GET /articles (anon),1.000000,0.000000,4,5,6,6,6,7,7,7,7,7,7,108,0,5,5.07793055554531,2.3863999999775842,9.627699999782635,26731.0
1788766374,1,,Aggregated,1.000000,0.000000,4,5,6,6,6,7,7,7,7,7,7,108,0,5,5.07793055554531,2.3863999999775842,9.627699999782635,26731.0
1788766375,1,GET,GET /articles (anon),1.000000,0.000000,4,5,6,6,7,7,7,7,7,7,7,110,0,5,5.070402727264164,2.3358000000825996,9.627699999782635,26731.0
1788766375,1,,Aggregated,1.000000,0.000000,4,5,6,6,7,7,7,7,7,7,7,110,0,5,5.070402727264164,2.3358000000825996,9.627699999782635,26731.0
1788766376,1,GET,GET /articles (anon),1.000000,0.000000,4,5,6,6,7,7,7,7,7,7,7,110,0,5,5.070402727264164,2.3358000000825996,9.627699999782635,26731.0
1788766376,1,,Aggregated,1.000000,0.000000,4,5,6,6,7,7,7,7,7,7,7,110,0,5,5.070402727264164,2.3358000000825996,9.627699999782635,26731.0
1788766377,1,GET,GET /articles (anon),1.200000,0.000000,4,5,6,6,7,7,7,7,7,7,7,112,0,5,5.076785714278133,2.3358000000825996,9.627699999782635,26731.0
1788766377,1,,Aggregated,1.200000,0.000000,4,5,6,6,7,7,7,7,7,7,7,112,0,5,5.076785714278133,2.3358000000825996,9.627699999782635,26731.0
1788766378,1,GET,GET /articles (anon),1.300000,0.000000,4,5,6,6,7,7,7,7,7,7,7,113,0,5,5.072952212381942,2.3358000000825996,9.627699999782635,26731.0
1788766378,1,,Aggregated,1.300000,0.000000,4,5,6,6,7,7,7,7,7,7,7,113,0,5,5.072952212381942,2.3358000000825996,9.627699999782635,26731.0
1788766379,1,GET,GET /articles (anon),1.300000,0.000000,4,6,6,7,7,7,7,7,7,7,7,114,0,5,5.086394736833841,2.3358000000825996,9.627699999782635,26731.0
1788766379,1,,Aggregated,1.300000,0.000000,4,6,6,7,7,7,7,7,7,7,7,114,0,5,5.086394736833841,2.3358000000825996,9.627699999782635,26731.0
1788766380,1,GET,GET /articles (anon),1.300000,0.000000,6,6,7,7,7,7,7,7,7,7,7,115,0,5,5.101793043470183,2.3358000000825996,9.627699999782635,26731.0
1788766380,1,,Aggregated,1.300000,0.000000,6,6,7,7,7,7,7,7,7,7,7,115,0,5,5.101793043470183,2.3358000000825996,9.627699999782635,26731.0
1788766381,1,GET,GET /articles (anon),1.300000,0.000000,6,7,7,7,7,8,8,8,8,8,8,116,0,5,5.129853448267865,2.3358000000825996,9.627699999782635,26731.0
1788766381,1,,Aggregated,1.300000,0.000000,6,7,7,7,7,8,8,8,8,8,8,116,0,5,5.129853448267865,2.3358000000825996,9.627699999782635,26731.0
1788766383,1,GET,GET /articles (anon),1.300000,0.000000,6,7,7,7,8,8,8,8,8,8,8,117,0,5,5.124884615377161,2.3358000000825996,9.627699999782635,26731.0
1788766383,1,,Aggregated,1.300000,0.000000,6,7,7,7,8,8,8,8,8,8,8,117,0,5,5.124884615377161,2.3358000000825996,9.627699999782635,26731.0
1788766384,1,GET,GET /articles (anon),1.300000,0.000000,6,7,7,7,8,8,8,8,8,8,8,117,0,5,5.124884615377161,2.3358000000825996,9.627699999782635,26731.0
1788766384,1,,Aggregated,1.300000,0.000000,6,7,7,7,8,8,8,8,8,8,8,117,0,5,5.124884615377161,2.3358000000825996,9.627699999782635,26731.0
1788766385,1,GET,GET /articles (anon),1.200000,0.000000,6,7,7,7,8,8,8,8,8,8,8,118,0,5,5.13467118643371,2.3358000000825996,9.627699999782635,26731.0
1788766385,1,,Aggregated,1.200000,0.000000,6,7,7,7,8,8,8,8,8,8,8,118,0,5,5.13467118643371,2.3358000000825996,9.627699999782635,26731.0
1788766386,1,GET,GET /articles (anon),1.200000,0.000000,7,7,8,8,9,9,9,9,9,9,9,119,0,5,5.1633546218419895,2.3358000000825996,9.627699999782635,26731.0
1788766386,1,,Aggregated,1.200000,0.000000,7,7,8,8,9,9,9,9,9,9,9,119,0,5,5.1633546218419895,2.3358000000825996,9.627699999782635,26731.0
1788766387,1,GET,GET /articles (anon),1.000000,0.000000,7,7,8,8,9,9,9,9,9,9,9,121,0,5,5.196152066109939,2.3358000000825996,9.627699999782635,26731.0
1788766387,1,,Aggregated,1.000000,0.000000,7,7,8,8,9,9,9,9,9,9,9,121,0,5,5.196152066109939,2.3358000000825996,9.627699999782635,26731.0
