timestamp,sys_cpu_percent,sys_mem_percent,proc_cpu_percent,proc_mem_mb
2026-09-07T16:46:08,0.0,72.8,0.0,79.6
2026-09-07T16:46:10,9.1,73.0,32.0,82.5
2026-09-07T16:46:12,5.2,72.9,3.1,82.6
2026-09-07T16:46:14,5.5,72.8,6.2,82.7
2026-09-07T16:46:16,5.6,72.8,6.2,82.7
2026-09-07T16:46:18,5.6,72.6,2.3,82.7
2026-09-07T16:46:20,3.9,72.5,1.6,82.5
2026-09-07T16:46:22,7.0,72.8,2.3,82.6
2026-09-07T16:46:24,5.6,72.9,2.3,82.5
2026-09-07T16:46:26,4.2,72.9,3.9,82.5
2026-09-07T16:46:28,3.8,72.9,6.2,82.5
2026-09-07T16:46:30,3.6,72.6,7.0,82.8
2026-09-07T16:46:32,2.7,72.4,5.5,82.8
2026-09-07T16:46:34,3.3,71.7,3.1,82.9
2026-09-07T16:46:36,4.3,71.3,2.3,82.9
2026-09-07T16:46:38,4.2,71.4,3.9,83.0
2026-09-07T16:46:40,4.2,71.4,3.9,83.0
2026-09-07T16:46:42,6.3,72.0,3.1,83.0
2026-09-07T16:46:44,3.5,71.9,3.1,83.0
2026-09-07T16:46:46,9.8,72.2,2.3,83.1
2026-09-07T16:46:48,9.6,73.1,2.3,83.1
2026-09-07T16:46:50,3.3,73.0,4.7,83.0
2026-09-07T16:46:52,2.1,72.4,3.9,83.2
2026-09-07T16:46:54,3.5,72.4,3.1,83.2
2026-09-07T16:46:56,4.3,72.4,3.9,83.2
2026-09-07T16:46:58,2.5,72.4,3.9,83.2
2026-09-07T16:47:00,3.5,72.4,3.1,83.2
2026-09-07T16:47:02,6.2,73.1,4.7,83.2
2026-09-07T16:47:04,9.1,72.9,2.3,83.2
2026-09-07T16:47:06,4.5,73.1,3.1,83.3
2026-09-07T16:47:08,3.5,72.9,3.9,83.4
2026-09-07T16:47:10,4.6,72.9,4.7,83.4
2026-09-07T16:47:12,3.4,72.6,1.6,83.4
2026-09-07T16:47:14,2.9,72.5,4.7,83.4
2026-09-07T16:47:16,5.5,73.8,2.3,83.4
2026-09-07T16:47:18,3.8,73.6,5.5,83.4
2026-09-07T16:47:20,6.8,74.0,2.3,83.4
2026-09-07T16:47:22,7.3,74.5,5.5,83.4
2026-09-07T16:47:24,5.3,74.3,5.5,83.4
2026-09-07T16:47:26,6.7,73.8,5.5,83.5
2026-09-07T16:47:28,6.6,74.0,5.5,83.5
2026-09-07T16:47:30,7.6,73.9,3.9,83.5
2026-09-07T16:47:32,11.4,74.7,0.0,83.5
2026-09-07T16:47:34,8.9,74.3,3.1,83.5
2026-09-07T16:47:36,8.5,71.9,3.1,83.5
2026-09-07T16:47:38,11.9,72.3,1.6,83.5
2026-09-07T16:47:40,6.7,72.3,3.1,83.5
2026-09-07T16:47:42,6.9,71.9,5.5,83.5
2026-09-07T16:47:44,9.2,73.1,3.1,83.5
2026-09-07T16:47:46,8.5,73.5,5.5,83.5
2026-09-07T16:47:48,15.4,75.0,0.8,83.5
2026-09-07T16:47:50,6.6,74.7,8.6,83.6
2026-09-07T16:47:52,10.7,75.1,7.0,83.6
2026-09-07T16:47:54,6.1,74.3,3.9,83.6
2026-09-07T16:47:56,5.6,74.7,3.9,83.6
2026-09-07T16:47:58,8.8,75.0,1.5,83.6
2026-09-07T16:48:00,5.9,74.7,3.9,83.6
2026-09-07T16:48:02,5.3,73.8,5.5,83.6
2026-09-07T16:48:04,4.1,72.9,6.2,83.6
2026-09-07T16:48:06,4.9,72.9,3.1,83.6
2026-09-07T16:48:08,14.3,72.8,1.6,83.7
2026-09-07T16:48:10,36.8,78.2,7.8,85.0
2026-09-07T16:48:12,20.3,78.9,71.8,86.6
2026-09-07T16:48:14,21.9,79.1,75.0,87.8
2026-09-07T16:48:16,17.9,79.7,14.8,87.9
2026-09-07T16:48:18,26.6,80.9,14.8,88.0
2026-09-07T16:48:20,26.5,82.3,15.6,88.1
2026-09-07T16:48:22,12.2,83.3,19.5,88.3
2026-09-07T16:48:24,6.5,81.9,16.4,88.1
2026-09-07T16:48:26,4.8,82.0,24.2,88.2
2026-09-07T16:48:28,7.0,82.0,16.4,88.4
2026-09-07T16:48:30,9.3,81.9,19.5,88.4
2026-09-07T16:48:32,5.6,81.9,16.4,88.4
2026-09-07T16:48:34,5.6,81.7,18.7,88.4
2026-09-07T16:48:36,4.4,81.4,11.7,88.4
2026-09-07T16:48:38,5.4,81.3,15.6,88.6
2026-09-07T16:48:40,9.7,81.7,19.5,88.7
2026-09-07T16:48:42,7.3,81.7,13.3,88.7
2026-09-07T16:48:44,7.0,81.3,15.6,88.7
2026-09-07T16:48:46,4.7,81.4,22.7,88.8
2026-09-07T16:48:48,8.4,81.8,19.5,88.8
2026-09-07T16:48:50,6.2,81.6,11.7,88.8
2026-09-07T16:48:52,6.2,81.5,14.0,89.0
2026-09-07T16:48:54,6.7,81.6,14.8,89.1
2026-09-07T16:48:56,6.9,81.6,21.9,89.1
2026-09-07T16:48:58,6.1,81.4,14.8,89.1
2026-09-07T16:49:00,9.4,82.6,20.3,89.1
2026-09-07T16:49:02,6.5,82.5,14.8,89.1
2026-09-07T16:49:04,5.6,82.5,21.8,89.1
2026-09-07T16:49:06,9.2,82.7,11.7,89.1
2026-09-07T16:49:08,6.9,82.7,24.2,89.1
2026-09-07T16:49:10,6.0,82.7,27.3,89.4
2026-09-07T16:49:12,5.9,82.3,17.2,89.4
2026-09-07T16:49:14,7.6,82.0,20.2,89.4
2026-09-07T16:49:16,7.5,81.9,18.7,89.4
2026-09-07T16:49:18,6.8,81.7,14.8,89.5
2026-09-07T16:49:20,6.4,81.5,19.5,89.5
2026-09-07T16:49:22,7.2,80.9,12.5,89.5
2026-09-07T16:49:24,8.4,80.1,18.0,89.7
2026-09-07T16:49:26,6.3,79.9,15.6,89.7
2026-09-07T16:49:28,6.3,79.8,25.8,89.7
2026-09-07T16:49:30,6.1,79.7,28.1,89.7
2026-09-07T16:49:32,5.6,79.6,19.5,89.7
2026-09-07T16:49:34,7.0,79.8,22.6,89.7
2026-09-07T16:49:36,4.9,79.6,11.7,89.7
2026-09-07T16:49:38,4.7,79.6,25.0,89.8
2026-09-07T16:49:40,5.5,79.6,23.4,89.8
2026-09-07T16:49:42,5.0,79.4,12.5,90.2
2026-09-07T16:49:44,4.9,79.2,19.5,90.2
2026-09-07T16:49:46,5.9,79.5,13.3,90.2
2026-09-07T16:49:48,5.0,79.3,18.7,90.2
2026-09-07T16:49:50,6.8,79.3,16.4,90.2
2026-09-07T16:49:52,5.7,79.3,24.2,90.2
2026-09-07T16:49:54,5.6,79.1,20.3,90.2
2026-09-07T16:49:56,3.2,79.1,24.2,90.2
2026-09-07T16:49:58,2.8,78.9,16.4,90.2
2026-09-07T16:50:00,4.1,78.8,14.8,90.2
2026-09-07T16:50:02,3.8,78.5,25.8,90.2
2026-09-07T16:50:04,6.0,78.3,18.7,90.4
2026-09-07T16:50:06,3.2,78.3,19.5,90.4
2026-09-07T16:50:08,3.2,78.2,28.9,90.4
2026-09-07T16:50:10,7.7,78.5,41.4,91.3
2026-09-07T16:50:12,7.6,78.5,105.2,93.1
2026-09-07T16:50:14,8.3,79.1,90.6,95.1
2026-09-07T16:50:16,4.1,79.0,42.2,95.3
2026-09-07T16:50:18,3.7,79.0,29.6,95.3
2026-09-07T16:50:20,8.1,79.0,32.0,95.4
2026-09-07T16:50:22,5.5,79.0,39.0,95.4
2026-09-07T16:50:24,5.4,79.1,38.3,95.2
2026-09-07T16:50:26,4.4,79.1,37.5,95.5
2026-09-07T16:50:28,4.8,79.0,39.7,95.4
2026-09-07T16:50:30,8.5,79.8,23.4,95.4
2026-09-07T16:50:32,9.4,80.3,32.0,95.4
2026-09-07T16:50:34,6.2,80.3,30.5,95.8
2026-09-07T16:50:36,6.0,80.4,46.0,95.8
2026-09-07T16:50:38,6.6,80.2,34.4,95.8
2026-09-07T16:50:40,9.1,80.7,34.3,95.9
2026-09-07T16:50:42,7.5,80.6,35.9,95.9
2026-09-07T16:50:44,11.3,73.8,27.3,95.8
2026-09-07T16:50:46,5.7,73.7,34.4,96.0
2026-09-07T16:50:48,6.9,74.0,33.5,96.0
2026-09-07T16:50:50,6.1,73.8,33.6,96.1
2026-09-07T16:50:52,4.7,73.8,40.6,96.1
2026-09-07T16:50:54,5.6,73.6,40.6,96.1
2026-09-07T16:50:56,5.4,73.2,35.9,96.2
2026-09-07T16:50:58,6.4,73.7,30.4,96.4
2026-09-07T16:51:00,5.9,73.8,30.4,96.4
2026-09-07T16:51:02,6.6,73.5,31.2,96.4
2026-09-07T16:51:04,7.1,72.7,34.4,96.4
2026-09-07T16:51:06,5.5,72.6,39.0,96.4
2026-09-07T16:51:08,5.7,72.5,45.3,96.6
2026-09-07T16:51:10,6.1,72.3,28.9,96.6
2026-09-07T16:51:12,7.0,72.2,41.3,96.6
2026-09-07T16:51:14,5.0,72.2,28.9,96.6
2026-09-07T16:51:16,8.4,72.9,33.6,96.6
2026-09-07T16:51:18,5.1,72.9,34.4,96.6
2026-09-07T16:51:20,3.4,72.9,32.8,96.8
2026-09-07T16:51:22,3.5,72.3,37.5,96.9
2026-09-07T16:51:24,4.6,72.3,26.6,96.9
2026-09-07T16:51:26,5.0,72.3,26.6,96.9
2026-09-07T16:51:28,7.0,73.1,21.1,96.9
2026-09-07T16:51:30,7.0,73.1,31.2,96.9
2026-09-07T16:51:32,5.2,73.2,39.8,96.9
2026-09-07T16:51:34,5.3,73.1,39.8,97.2
2026-09-07T16:51:36,7.3,72.9,32.8,97.3
2026-09-07T16:51:38,7.3,73.2,41.4,97.3
2026-09-07T16:51:40,5.5,73.2,37.5,97.3
2026-09-07T16:51:42,6.1,73.2,39.0,97.3
2026-09-07T16:51:44,5.4,73.0,29.7,97.3
2026-09-07T16:51:46,6.8,73.3,35.1,97.2
2026-09-07T16:51:48,6.4,73.0,35.9,97.3
2026-09-07T16:51:50,5.8,73.0,33.6,97.3
2026-09-07T16:51:52,5.5,72.9,30.5,97.3
2026-09-07T16:51:54,3.8,72.7,40.5,97.4
2026-09-07T16:51:56,4.4,72.7,38.2,97.5
2026-09-07T16:51:58,4.8,72.5,45.3,97.8
2026-09-07T16:52:00,5.4,72.4,42.2,97.8
2026-09-07T16:52:02,4.8,72.0,35.1,97.8
2026-09-07T16:52:04,3.7,72.0,33.5,97.7
2026-09-07T16:52:06,5.0,71.9,40.6,97.7
2026-09-07T16:52:08,4.8,71.9,36.6,97.7
2026-09-07T16:52:10,5.7,71.9,76.5,98.5
2026-09-07T16:52:12,6.4,71.9,96.0,100.4
2026-09-07T16:52:14,6.7,71.9,107.7,102.0
2026-09-07T16:52:16,5.4,71.8,54.7,102.2
2026-09-07T16:52:18,5.5,71.8,57.8,102.4
2026-09-07T16:52:20,5.5,71.8,56.8,102.7
2026-09-07T16:52:22,5.2,71.8,57.8,102.7
2026-09-07T16:52:24,5.6,71.7,50.7,102.6
2026-09-07T16:52:26,5.0,71.7,59.0,102.6
2026-09-07T16:52:28,5.5,71.6,45.3,102.6
2026-09-07T16:52:30,5.6,71.6,53.9,102.5
2026-09-07T16:52:32,5.2,71.6,57.6,102.7
2026-09-07T16:52:34,5.5,71.6,60.8,102.7
2026-09-07T16:52:36,5.4,71.6,56.9,102.9
2026-09-07T16:52:38,5.0,71.6,53.1,102.9
2026-09-07T16:52:40,5.3,71.6,57.8,102.9
2026-09-07T16:52:42,5.4,71.6,56.2,102.9
2026-09-07T16:52:44,4.6,71.6,54.7,103.2
2026-09-07T16:52:46,6.1,71.4,57.6,103.3
2026-09-07T16:52:48,6.4,71.4,53.1,103.3
2026-09-07T16:52:50,5.6,71.4,56.9,103.3
2026-09-07T16:52:52,5.4,71.4,60.0,103.3
2026-09-07T16:52:54,5.2,71.4,56.2,103.3
2026-09-07T16:52:56,5.9,71.4,50.7,103.5
2026-09-07T16:52:58,5.3,71.4,54.6,103.5
2026-09-07T16:53:00,5.3,71.5,38.3,103.4
2026-09-07T16:53:02,5.0,71.4,53.1,103.4
2026-09-07T16:53:04,4.8,71.4,52.3,103.4
2026-09-07T16:53:06,4.9,71.4,56.2,103.4
2026-09-07T16:53:08,4.4,71.5,46.0,103.4
2026-09-07T16:53:10,5.8,71.5,60.9,103.7
2026-09-07T16:53:12,5.2,71.5,50.7,103.7
2026-09-07T16:53:14,5.1,71.4,51.5,103.7
2026-09-07T16:53:16,5.3,71.5,54.7,103.7
2026-09-07T16:53:18,5.4,71.5,50.0,103.8
2026-09-07T16:53:20,5.3,71.5,49.1,103.8
2026-09-07T16:53:22,5.5,71.4,61.7,104.0
2026-09-07T16:53:24,5.0,71.4,53.1,104.0
2026-09-07T16:53:26,5.3,71.4,59.2,104.1
2026-09-07T16:53:28,4.7,71.4,49.8,104.1
2026-09-07T16:53:31,5.6,71.4,57.7,104.1
2026-09-07T16:53:33,4.6,71.4,52.2,104.1
2026-09-07T16:53:35,5.4,71.3,48.4,104.1
2026-09-07T16:53:37,5.1,71.3,50.0,104.1
2026-09-07T16:53:39,5.1,71.3,48.4,104.1
2026-09-07T16:53:41,5.3,71.0,51.5,104.3
2026-09-07T16:53:43,5.1,70.9,55.4,104.3
2026-09-07T16:53:45,4.9,70.9,57.0,104.3
2026-09-07T16:53:47,4.7,70.9,48.4,104.4
2026-09-07T16:53:49,5.6,70.9,56.8,104.4
2026-09-07T16:53:51,5.4,70.9,58.2,104.4
2026-09-07T16:53:53,5.1,70.9,47.5,104.4
2026-09-07T16:53:55,4.4,70.9,55.4,104.4
2026-09-07T16:53:57,5.4,70.9,60.9,104.4
2026-09-07T16:53:59,4.3,70.9,53.1,104.4
2026-09-07T16:54:01,5.6,70.9,55.4,104.4
2026-09-07T16:54:03,6.2,70.8,47.6,104.4
2026-09-07T16:54:05,5.0,70.9,60.8,104.6
2026-09-07T16:54:07,5.2,70.8,57.8,104.6
2026-09-07T16:54:09,5.3,70.9,50.0,104.7
2026-09-07T16:54:11,5.8,70.9,89.0,105.3
2026-09-07T16:54:13,7.2,70.9,123.1,107.0
2026-09-07T16:54:15,7.4,70.9,121.8,108.4
2026-09-07T16:54:17,5.3,71.0,67.8,108.6
2026-09-07T16:54:19,5.5,71.0,64.8,108.8
2026-09-07T16:54:21,6.3,71.0,67.9,108.8
2026-09-07T16:54:23,6.2,70.9,68.7,109.0
2026-09-07T16:54:25,6.0,70.9,70.3,109.0
2026-09-07T16:54:27,5.6,70.9,64.4,109.0
2026-09-07T16:54:29,5.8,70.9,78.5,109.0
2026-09-07T16:54:31,5.9,70.8,64.8,109.0
2026-09-07T16:54:33,6.0,70.8,65.5,109.0
2026-09-07T16:54:35,5.5,70.8,69.4,109.0
2026-09-07T16:54:37,5.5,70.8,60.9,109.0
2026-09-07T16:54:39,5.7,70.8,64.0,109.2
2026-09-07T16:54:41,5.3,70.8,65.6,109.5
2026-09-07T16:54:43,7.0,70.7,60.8,109.6
2026-09-07T16:54:45,5.3,70.8,62.4,109.7
2026-09-07T16:54:47,6.0,70.8,61.6,109.7
2026-09-07T16:54:49,6.0,70.8,60.1,109.8
2026-09-07T16:54:51,5.4,70.8,67.9,109.7
2026-09-07T16:54:53,5.9,70.9,61.6,109.7
2026-09-07T16:54:55,5.9,70.8,67.9,109.9
2026-09-07T16:54:57,5.6,70.8,73.4,109.9
2026-09-07T16:54:59,4.8,70.9,63.1,110.0
2026-09-07T16:55:01,5.0,70.8,60.1,110.0
2026-09-07T16:55:03,4.7,70.8,62.3,110.0
2026-09-07T16:55:05,7.4,70.9,57.6,110.0
2026-09-07T16:55:07,5.5,70.8,63.1,110.1
2026-09-07T16:55:09,4.8,70.8,59.4,110.1
2026-09-07T16:55:11,5.6,70.9,64.7,110.1
2026-09-07T16:55:13,5.0,70.9,67.1,110.2
2026-09-07T16:55:15,7.2,70.9,56.2,110.4
2026-09-07T16:55:17,5.7,70.9,64.8,110.4
2026-09-07T16:55:19,5.7,70.9,68.5,110.4
2026-09-07T16:55:21,5.4,70.9,68.4,110.4
2026-09-07T16:55:23,5.4,70.9,67.9,110.4
2026-09-07T16:55:25,6.0,70.9,65.5,110.4
2026-09-07T16:55:27,6.3,70.8,59.3,110.4
2026-09-07T16:55:29,5.6,70.8,73.4,110.4
2026-09-07T16:55:31,6.7,70.6,71.1,110.6
2026-09-07T16:55:33,5.1,70.6,61.7,110.7
2026-09-07T16:55:35,6.0,70.6,68.6,110.7
2026-09-07T16:55:37,5.5,70.6,71.0,110.7
2026-09-07T16:55:39,5.9,70.7,71.0,110.7
2026-09-07T16:55:41,5.1,70.7,65.6,110.7
2026-09-07T16:55:43,5.5,70.7,60.9,110.6
2026-09-07T16:55:45,6.1,70.7,58.5,110.6
2026-09-07T16:55:47,5.7,70.7,62.4,110.6
2026-09-07T16:55:49,5.2,70.7,65.4,110.7
2026-09-07T16:55:51,5.4,70.7,63.9,110.7
2026-09-07T16:55:53,6.0,70.7,63.2,110.7
2026-09-07T16:55:55,10.3,71.8,61.7,110.7
2026-09-07T16:55:57,9.4,71.2,63.2,116.5
2026-09-07T16:55:59,9.0,71.3,57.0,116.5
2026-09-07T16:56:01,7.0,71.3,72.6,116.5
2026-09-07T16:56:03,9.5,71.5,73.4,116.5
2026-09-07T16:56:05,11.6,71.3,50.0,116.5
2026-09-07T16:56:07,8.1,71.1,55.4,115.7
2026-09-07T16:56:09,7.6,71.2,75.8,112.9
2026-09-07T16:56:11,6.7,71.3,57.0,113.1
2026-09-07T16:56:13,4.9,70.9,3.9,113.2
2026-09-07T16:56:15,5.2,71.0,0.0,113.2
2026-09-07T16:56:17,5.6,70.7,0.0,113.2
2026-09-07T16:56:19,6.8,71.2,0.0,113.2
2026-09-07T16:56:21,3.2,71.2,0.8,113.2
2026-09-07T16:56:23,2.7,71.2,0.0,113.2
2026-09-07T16:56:25,2.8,71.2,0.8,113.2
2026-09-07T16:56:27,3.3,71.1,0.0,113.2
2026-09-07T16:56:29,12.2,71.7,0.0,113.2
2026-09-07T16:56:31,9.3,71.2,0.0,113.2
2026-09-07T16:56:33,5.1,71.4,0.0,113.2
2026-09-07T16:56:35,4.7,71.7,0.0,113.2
2026-09-07T16:56:37,6.1,72.1,0.0,113.2
2026-09-07T16:56:39,4.8,72.0,0.0,113.2
2026-09-07T16:56:41,5.2,72.0,0.8,113.2
2026-09-07T16:56:43,4.3,72.1,0.0,113.2
2026-09-07T16:56:45,4.7,72.1,0.0,113.2
2026-09-07T16:56:47,6.9,72.1,0.0,113.2
2026-09-07T16:56:49,6.1,72.1,0.0,113.2
2026-09-07T16:56:51,6.4,72.1,0.0,113.1
2026-09-07T16:56:53,8.3,72.1,0.8,113.1
